id,target
c0f722661,-1.216040760994806
f0953f0a5,-0.4962352526089482
0df072751,-0.818766602174754
04caf4e0c,-1.9458698295158263
0e63f8bea,-1.5117348816981777
12537fe78,-0.5241040998877382
965e592c0,-0.04335361575940899
